path,length
表分区路径：/data/yoho/user/app_biitf_skn_uv_day/par_dt=20150919,分区length：0
表分区路径：/data/yoho/user/app_guang_content_flow_day/20150919,分区length：0
表分区路径：/data/yoho/user/app_guang_content_tag_flow_day/20150919,分区length：0
表分区路径：/data/yoho/user/app_user_active_week/20150913,分区length：0
表分区路径：/data/yoho/user/app_user_no_sale_day,分区length：0
表分区路径：/data/yoho/user/app_user_no_sale_week,分区length：0
表分区路径：/data/yoho/user/app_user_old_sale_day/20150918,分区length：0
表分区路径：/data/yoho/user/app_user_reg_day/20150918,分区length：0
表分区路径：/data/yoho/user/app_user_sale_day,分区length：0
表分区路径：/data/yoho/user/app_user_sale_week,分区length：0
表分区路径：/data/yoho/user/bdl_user_browse_action_day/20150630,分区length：0
表分区路径：/data/yoho/user/bdl_user_goods_attr_day/20131231,分区length：0
表分区路径：/data/yoho/user/bdl_user_goods_attr_day/20150818,分区length：0
表分区路径：/data/yoho/user/bdl_user_goods_attr_day/20150918,分区length：0
表分区路径：/data/yoho/user/bdl_user_sale_attr_day/20150908,分区length：0
表分区路径：/data/yoho/user/bdl_user_sale_attr_day/20150910,分区length：0
表分区路径：/data/yoho/user/bdl_user_set_prom_attr_day/20141231,分区length：0
表分区路径：/data/yoho/user/bdl_user_set_prom_attr_day/20150813,分区length：0
表分区路径：/data/yoho/user/bdl_user_set_prom_attr_day/20150818,分区length：0
表分区路径：/data/yoho/user/bdl_user_set_prom_attr_day/20150819,分区length：0
表分区路径：/data/yoho/user/bdl_user_set_prom_attr_day/20150826,分区length：0
表分区路径：/data/yoho/user/bdl_user_set_prom_attr_day/20150910,分区length：0
表分区路径：/data/yoho/user/bdl_user_set_prom_attr_day/20150912,分区length：0
表分区路径：/data/yoho/user/bdl_user_set_prom_attr_day/20150913,分区length：0
表分区路径：/data/yoho/user/bdl_user_set_prom_attr_tmp_day,分区length：0
表分区路径：/data/yoho/user/dim_user_no_day,分区length：0
表分区路径：/data/yoho/user/dim_user_no_week,分区length：0
表分区路径：/data/yoho/user/idl_user_attr_day/20150826,分区length：0
表分区路径：/data/yoho/user/idl_user_attr_day/20150910,分区length：0
表分区路径：/data/yoho/user/tdl_user_browse_action_day/20150918,分区length：0
表分区路径：/data/yoho/user/tdl_user_goods_attr_day/20150918,分区length：0
表分区路径：/data/yoho/user/tdl_user_goods_attr_tmp_day_1/20131231,分区length：0
表分区路径：/data/yoho/user/tdl_user_goods_attr_tmp_day_1/20140303,分区length：0
表分区路径：/data/yoho/user/tdl_user_goods_attr_tmp_day_1/20150813,分区length：0
表分区路径：/data/yoho/user/tdl_user_goods_attr_tmp_day_1/20150816,分区length：0
表分区路径：/data/yoho/user/tdl_user_goods_attr_tmp_day_1/20150818,分区length：0
表分区路径：/data/yoho/user/tdl_user_goods_attr_tmp_day_1/20150819,分区length：0
表分区路径：/data/yoho/user/tdl_user_goods_attr_tmp_day_1/20150823,分区length：0
表分区路径：/data/yoho/user/tdl_user_goods_attr_tmp_day_1/20150824,分区length：0
表分区路径：/data/yoho/user/tdl_user_goods_attr_tmp_day_1/20150918,分区length：0
表分区路径：/data/yoho/user/tdl_user_goods_attr_tmp_day_2/20131231,分区length：0
表分区路径：/data/yoho/user/tdl_user_goods_attr_tmp_day_2/20150818,分区length：0
表分区路径：/data/yoho/user/tdl_user_goods_attr_tmp_day_2/20150819,分区length：0
表分区路径：/data/yoho/user/tdl_user_goods_attr_tmp_day_2/20150820,分区length：0
表分区路径：/data/yoho/user/tdl_user_goods_attr_tmp_day_2/20150918,分区length：0
表分区路径：/data/yoho/user/tdl_user_goods_attr_tmp_day_3/20131231,分区length：0
表分区路径：/data/yoho/user/tdl_user_goods_attr_tmp_day_3/20150918,分区length：0
表分区路径：/data/yoho/user/tdl_user_sale_attr_day/20150910,分区length：0
表分区路径：/data/yoho/user/tdl_user_sale_attr_tmp_day_1/20150813,分区length：0
表分区路径：/data/yoho/user/tdl_user_sale_attr_tmp_day_1/20150907,分区length：0
表分区路径：/data/yoho/user/tdl_user_sale_attr_tmp_day_1/20150910,分区length：0
表分区路径：/data/yoho/user/tdl_user_sale_attr_tmp_day_1/20150918,分区length：0
表分区路径：/data/yoho/user/tdl_user_set_prom_attr_tmp_day,分区length：0
表分区路径：/data/yoho/user/tdl_user_social_attr_day,分区length：0
表分区路径：/data/yoho/user/tdl_user_social_attr_tmp_day_1/20150901,分区length：0
表分区路径：/data/yoho/user/tdl_user_social_attr_tmp_day_1/20150902,分区length：0
表分区路径：/data/yoho/user/tdl_user_social_attr_tmp_day_1/20150907,分区length：0
表分区路径：/data/yoho/user/tdl_user_social_attr_tmp_day_1/20150918,分区length：0
表分区路径：/data/yoho/user/tdl_user_social_attr_tmp_day_2/20150813,分区length：0
表分区路径：/data/yoho/user/tdl_user_social_attr_tmp_day_2/20150817,分区length：0
表分区路径：/data/yoho/user/tdl_user_social_attr_tmp_day_2/20150819,分区length：0
表分区路径：/data/yoho/user/tdl_user_social_attr_tmp_day_2/20150822,分区length：0
表分区路径：/data/yoho/user/tdl_user_social_attr_tmp_day_2/20150826,分区length：0
表分区路径：/data/yoho/user/tdl_user_social_attr_tmp_day_2/20150913,分区length：0
表分区路径：/data/yoho/user/user_active_daily/20150527,分区length：0
表分区路径：/data/yoho/user/user_no_daily/2015010,分区length：0
表分区路径：/data/yoho/user/user_no_daily/2015061,分区length：0
表分区路径：/data/yoho/user/user_no_daily/201506154,分区length：0
表分区路径：/data/yoho/user/user_no_daily/20150801,分区length：0
表分区路径：/data/yoho/user/user_no_daily/20150918,分区length：0
表分区路径：/data/yoho/user/user_no_sale_day,分区length：0
表分区路径：/data/yoho/user/user_sale_daily/20150918,分区length：0
